Regional.Nome da Regional;Alimentador.Código do Alimentador;Alimentador.Coordenada X;Alimentador.Coordenada Y;Alimentador.Tensão Nominal do Alimentador
S MIGUEL OESTE;MCR04;260737.29;7000781.97;2 - 23 kV
RIO DO SUL;RSD03;635875.05;6991435.48;2 - 23 kV
RIO DO SUL;RSD07;635875.37;6991418.92;2 - 23 kV
RIO DO SUL;IAA07;638546.35;6967208.17;2 - 23 kV
BLUMENAU;BND16;689745.35;7036150.18;1 - 13.8 kV
BLUMENAU;BND17;689742.21;7036157.71;1 - 13.8 kV
BLUMENAU;BSO01;687985.12;7025427.13;2 - 23 kV
BLUMENAU;BSO02;687989.69;7025425.09;2 - 23 kV
BLUMENAU;BSO03;687994.06;7025421.4;2 - 23 kV
BLUMENAU;BSO05;688005.41;7025412.51;2 - 23 kV
BLUMENAU;BSO06;688009.84;7025409.3;2 - 23 kV
BLUMENAU;BSO08;688017.69;7025403.41;2 - 23 kV
BLUMENAU;BSO09;688021.12;7025400.66;2 - 23 kV
BLUMENAU;BGA23;690826.44;7017611.58;2 - 23 kV
BLUMENAU;BGA24;690822.76;7017615.43;2 - 23 kV
BLUMENAU;BGA22;690830.23;7017607.78;2 - 23 kV
BLUMENAU;BGA30;690838.56;7017597.62;2 - 23 kV
BLUMENAU;BGA29;690804.97;7017618.47;2 - 23 kV
BLUMENAU;BGA28;690809.22;7017616.95;2 - 23 kV
BLUMENAU;BGA27;690812.87;7017615.43;2 - 23 kV
BLUMENAU;BGA26;690841.74;7017593.22;2 - 23 kV
BLUMENAU;BGA25;690800.41;7017619.99;2 - 23 kV
BLUMENAU;BBV03;686860;7021054;2 - 23 kV
BLUMENAU;BBV02;686866;7021058;2 - 23 kV
BLUMENAU;GPR09;704548;7019408;2 - 23 kV
BLUMENAU;GPR11;704530;7019430;2 - 23 kV
BLUMENAU;GPR10;704544;7019408;2 - 23 kV
BLUMENAU;GPR12;704524;7019430;2 - 23 kV
BLUMENAU;BBV01;686872;7021062;2 - 23 kV
BLUMENAU;BBV04;686854;7021050;2 - 23 kV
BLUMENAU;BQE07;708658.29;7004718.64;2 - 23 kV
BLUMENAU;BQE01;708733.49;7004707.71;2 - 23 kV
BLUMENAU;IAL03;671368.25;7023189.64;2 - 23 kV
BLUMENAU;IAL04;671373.41;7023180.4;2 - 23 kV
JOINVILLE;JPI04;711596.58;7095381.11;1 - 13.8 kV
JOINVILLE;JPI05;711594.72;7095385.25;1 - 13.8 kV
JOINVILLE;JPI06;711588.73;7095394.5;1 - 13.8 kV
FLORIANÓPOLIS;FAA10;743323.17;6947761.79;1 - 13.8 kV
ITAJAÍ;ISS01;726928.19;7023517.6;2 - 23 kV
ITAJAÍ;ISS02;726939.81;7023518.22;2 - 23 kV
ITAJAÍ;ISS03;726945.62;7023518.84;2 - 23 kV
ITAJAÍ;ISS04;726951.23;7023519.67;2 - 23 kV
ITAJAÍ;ISS05;726956.83;7023520.29;2 - 23 kV
ITAJAÍ;ISS06;726961.4;7023521.12;2 - 23 kV
ITAJAÍ;ISS07;726965.97;7023522.16;2 - 23 kV
ITAJAÍ;ISS08;726971.16;7023522.79;2 - 23 kV
BLUMENAU;TBO02;673109.48;7029145.16;2 - 23 kV
BLUMENAU;TBO03;673111.63;7029146.24;2 - 23 kV
BLUMENAU;DPO01;650746.4597;7043984.762;1 - 13.8 kV
SÃO BENTO SUL;VGE01;642212.48;7063766.58;1 - 13.8 kV
JARAGUÁ DO SUL;JSL04;691599.9083;7070317.883;1 - 13.8 kV
JARAGUÁ DO SUL;GRM01;696129.0546;7070352.531;3 - 34.5 kV
JARAGUÁ DO SUL;GRM02;696133.9985;7070354.572;3 - 34.5 kV
JOAÇABA;TTS01;457650.24;7013723.73;2 - 23 kV
JOAÇABA;TTS02;457644.99;7013720.58;2 - 23 kV
JARAGUÁ DO SUL;GRM10;696160.53;7070364.125;1 - 13.8 kV
JARAGUÁ DO SUL;GRM11;696165.7613;7070365.951;1 - 13.8 kV
JARAGUÁ DO SUL;GRI01;699791.5793;7070410.803;1 - 13.8 kV
JARAGUÁ DO SUL;SSR01;691943.6779;7077067.434;1 - 13.8 kV
JARAGUÁ DO SUL;JNR01;682591.26;7072194.95;1 - 13.8 kV
JARAGUÁ DO SUL;CPA01;675608.51;7075583.04;1 - 13.8 kV
JARAGUÁ DO SUL;JRL01;685825.36;7063963.45;1 - 13.8 kV
JARAGUÁ DO SUL;JRL02;685820.83;7063965.92;1 - 13.8 kV
JARAGUÁ DO SUL;JRL03;685815.9;7063968.39;1 - 13.8 kV
JARAGUÁ DO SUL;JRL04;685811.37;7063970.86;1 - 13.8 kV
JARAGUÁ DO SUL;JRL30;685791.19;7063976.96;3 - 34.5 kV
JOINVILLE;JVU02;711054.37;7090222.74;1 - 13.8 kV
JOINVILLE;JVT03;715583.9;7087225.49;1 - 13.8 kV
JOINVILLE;JVQ01;714636.1418;7092495.664;1 - 13.8 kV
JOINVILLE;PRA01;708890.93;7097063.97;1 - 13.8 kV
BLUMENAU;TBO01;673107.13;7029143.7;2 - 23 kV
BLUMENAU;TBO09;673092.1;7029154.56;2 - 23 kV
RIO DO SUL;IAA06;638548.1152;6967201.167;2 - 23 kV
RIO DO SUL;TCL06;619932.41;6980029.94;2 - 23 kV
BLUMENAU;BQE06;708662.92;7004716.95;2 - 23 kV
BLUMENAU;BQE03;708709.41;7004704;2 - 23 kV
BLUMENAU;BQE04;708701.41;7004698.28;2 - 23 kV
BLUMENAU;BQE02;708721.56;7004705.73;2 - 23 kV
BLUMENAU;TBO06;673118.98;7029150.25;2 - 23 kV
BLUMENAU;BQE08;708652.52;7004720.55;2 - 23 kV
BLUMENAU;TBO07;673121.61;7029151.41;2 - 23 kV
BLUMENAU;RCC01;664244.6014;7050872.012;2 - 23 kV
BLUMENAU;RRA01;666536.19;7055299.34;4 - 5 kV
BLUMENAU;TBO04;673113.89;7029147.86;2 - 23 kV
JOINVILLE;JIU02;718686.24;7093079.43;1 - 13.8 kV
JOAÇABA;CNS01;479237.36;6971527.26;2 - 23 kV
FLORIANÓPOLIS;FAA02;743302.97;6947757.37;1 - 13.8 kV
CONCÓRDIA;COA06;397620.9219;6988211.217;1 - 13.8 kV
CRICIÚMA;LMR03;657245.6;6857641.04;1 - 13.8 kV
TUBARÃO;IBA03;728249.76;6874118.19;1 - 13.8 kV
JARAGUÁ DO SUL;SUB12;689577.6522;7085664.695;3 - 34.5 kV
S MIGUEL OESTE;PMS06;287259.05;7005010.6;2 - 23 kV
CHAPECÓ;PZO08;297882.8863;7033120.852;2 - 23 kV
CHAPECÓ;SLO05;315115.74;7082604.14;2 - 23 kV
CHAPECÓ;SLO06;315113.09;7082608.6;2 - 23 kV
LAGES;BRO01;649119.79;6924779.58;2 - 23 kV
LAGES;BRO02;649119.65;6924785.52;2 - 23 kV
LAGES;BRO03;649119.36;6924790.28;2 - 23 kV
LAGES;SCO02;551540.1;6984284.82;2 - 23 kV
LAGES;SCO03;551540.02;6984278.7;2 - 23 kV
LAGES;SCO04;551540.16;6984288.32;2 - 23 kV
LAGES;CUP02;535082.686;6962936.347;2 - 23 kV
LAGES;LAI01;562853.85;6924512.56;2 - 23 kV
LAGES;LAI03;562850.04;6924513.81;2 - 23 kV
LAGES;LAI04;562846.17;6924515.07;2 - 23 kV
LAGES;SCA03;558230.11;7016110.45;2 - 23 kV
LAGES;SCA02;558232.81;7016108.09;2 - 23 kV
LAGES;SCA01;558235.56;7016105.76;2 - 23 kV
SÃO BENTO SUL;SBB07;665617.88;7099349.3;1 - 13.8 kV
CHAPECÓ;PZO10;297895.4946;7033116.238;2 - 23 kV
S MIGUEL OESTE;SMD15;251510.7753;7040654.246;2 - 23 kV
CRICIÚMA;USA04;663361.38;6843210.45;1 - 13.8 kV
CRICIÚMA;SRS03;655118.2723;6836189.478;1 - 13.8 kV
CRICIÚMA;SRS01;655122.6579;6836189.865;1 - 13.8 kV
CRICIÚMA;SIO04;632282.14;6780286.52;1 - 13.8 kV
CRICIÚMA;SIO03;632280.23;6780290.39;1 - 13.8 kV
CRICIÚMA;CFL01;655346.79;6826901.71;1 - 13.8 kV
CRICIÚMA;CFL04;655355.63;6826904;1 - 13.8 kV
CRICIÚMA;CFL03;655359.07;6826904.98;1 - 13.8 kV
CRICIÚMA;CFL05;655362.67;6826905.8;1 - 13.8 kV
CRICIÚMA;CFL06;655366.6;6826906.62;1 - 13.8 kV
CRICIÚMA;CFL07;655370.52;6826907.77;1 - 13.8 kV
CRICIÚMA;FLA02;652906.77;6820195.5;1 - 13.8 kV
CRICIÚMA;LMR02;657248.41;6857641.24;1 - 13.8 kV
TUBARÃO;OAS01;668487.44;6860064.5;1 - 13.8 kV
TUBARÃO;OAS02;668488.97;6860059.57;1 - 13.8 kV
TUBARÃO;OAS03;668490.54;6860054.45;1 - 13.8 kV
TUBARÃO;OAS04;668492.12;6860049.71;1 - 13.8 kV
MAFRA;STA04;600585.36;7051906.45;2 - 23 kV
CRICIÚMA;ICA03;667096.13;6821855.73;1 - 13.8 kV
CRICIÚMA;ICA04;667096.2;6821865.81;1 - 13.8 kV
CRICIÚMA;ICA02;667096.18;6821844.83;1 - 13.8 kV
CRICIÚMA;ICA05;667096.22;6821875.42;1 - 13.8 kV
CRICIÚMA;ICA07;667096.26;6821890.55;1 - 13.8 kV
LAGES;SCO06;551540.16;6984291.82;2 - 23 kV
ITAJAÍ;ISS11;726848.65;7023444.2;2 - 23 kV
FLORIANÓPOLIS;FAA03;743304.8;6947753.88;1 - 13.8 kV
FLORIANÓPOLIS;FAA04;743306.86;6947750.22;1 - 13.8 kV
FLORIANÓPOLIS;FAA05;743308.87;6947746.31;1 - 13.8 kV
JARAGUÁ DO SUL;SUB11;689587.0405;7085665.831;3 - 34.5 kV
RIO DO SUL;IRA04;647893.51;7006151.68;2 - 23 kV
BLUMENAU;BSO07;688013.63;7025406.77;2 - 23 kV
BLUMENAU;TBO10;673090.32;7029161.41;2 - 23 kV
FLORIANÓPOLIS;CQS01;739258.65;6945046.96;1 - 13.8 kV
FLORIANÓPOLIS;PLA07;729266.6968;6937522.009;1 - 13.8 kV
FLORIANÓPOLIS;BQB05;731429.04;6955282.86;1 - 13.8 kV
CRICIÚMA;LMR01;657252.1;6857641.13;1 - 13.8 kV
FLORIANÓPOLIS;SJS01;727893.9835;6940451.874;1 - 13.8 kV
FLORIANÓPOLIS;SJS02;727898.9395;6940450.964;1 - 13.8 kV
FLORIANÓPOLIS;SJS03;727904.052;6940449.855;1 - 13.8 kV
FLORIANÓPOLIS;SJS04;727908.6181;6940448.733;1 - 13.8 kV
CONCÓRDIA;CSC03;402486.5;6988828.24;1 - 13.8 kV
CONCÓRDIA;CSC04;402488.7;6988825.52;1 - 13.8 kV
CONCÓRDIA;CSC05;402492.16;6988821.25;1 - 13.8 kV
FLORIANÓPOLIS;PLA02;729262.54;6937540.26;1 - 13.8 kV
CRICIÚMA;MJA02;649687.7;6806668.69;1 - 13.8 kV
CRICIÚMA;MJA03;649680.15;6806669.01;1 - 13.8 kV
CRICIÚMA;EMO02;633328.8276;6790749.916;1 - 13.8 kV
CRICIÚMA;USA06;663348.89;6843210.68;1 - 13.8 kV
CRICIÚMA;SRS02;655120.7138;6836186.945;1 - 13.8 kV
CRICIÚMA;USA03;663370.03;6843209.97;1 - 13.8 kV
TUBARÃO;TRO02;694399.2328;6849392.058;1 - 13.8 kV
TUBARÃO;TRO03;694397.2826;6849390.043;1 - 13.8 kV
TUBARÃO;TRO04;694395.663;6849388.16;1 - 13.8 kV
TUBARÃO;TRO09;694384.4239;6849377.658;1 - 13.8 kV
TUBARÃO;TRO10;694382.7058;6849376.251;1 - 13.8 kV
TUBARÃO;TRO05;694393.8537;6849386.524;1 - 13.8 kV
TUBARÃO;TRD03;690143.0383;6842246.311;1 - 13.8 kV
TUBARÃO;TRD01;690146.47;6842249.545;1 - 13.8 kV
TUBARÃO;TRD02;690144.757;6842248.066;1 - 13.8 kV
TUBARÃO;TRO06;694392.1435;6849384.729;1 - 13.8 kV
TUBARÃO;LGA04;716887.43;6848646.55;1 - 13.8 kV
TUBARÃO;LGA02;716887.97;6848635.81;1 - 13.8 kV
TUBARÃO;LGA01;716888.77;6848629.92;1 - 13.8 kV
TUBARÃO;LGA03;716887.87;6848641.46;1 - 13.8 kV
TUBARÃO;TRO12;694383.74;6849365.94;1 - 13.8 kV
TUBARÃO;IBA06;728259.1;6874136.49;1 - 13.8 kV
TUBARÃO;IBA04;728254.55;6874127.64;1 - 13.8 kV
TUBARÃO;IBA02;728247.81;6874113.95;1 - 13.8 kV
TUBARÃO;IBA05;728257.19;6874132.55;1 - 13.8 kV
TUBARÃO;JVA02;693022.8864;6833300.161;1 - 13.8 kV
TUBARÃO;JVA01;693022.8864;6833306.103;1 - 13.8 kV
TUBARÃO;JVA03;693022.8864;6833296.635;1 - 13.8 kV
TUBARÃO;TRD05;690139.1471;6842242.403;1 - 13.8 kV
TUBARÃO;JVA05;693022.8864;6833303.235;1 - 13.8 kV
TUBARÃO;TRO11;694385.32;6849368.1;1 - 13.8 kV
TUBARÃO;IBA08;728252.2;6874122.63;1 - 13.8 kV
TUBARÃO;IBA10;728236.23;6874089.3;1 - 13.8 kV
TUBARÃO;IBA09;728238.89;6874095.53;1 - 13.8 kV
TUBARÃO;JVA06;693022.8864;6833309.183;1 - 13.8 kV
TUBARÃO;IBA01;728245.95;6874109.85;3 - 34.5 kV
TUBARÃO;LGA05;716886.98;6848650.16;1 - 13.8 kV
TUBARÃO;TRO08;694390.4688;6849382.966;1 - 13.8 kV
BLUMENAU;BRB09;703758.74;6998941.05;2 - 23 kV
JARAGUÁ DO SUL;GRM13;696175.21;7070369.744;1 - 13.8 kV
CHAPECÓ;QLO05;329354.3;7034787.49;2 - 23 kV
RIO DO SUL;RSD08;635875.24;6991414.7;2 - 23 kV
TUBARÃO;SGO01;685137.2056;6827511.184;1 - 13.8 kV
FLORIANÓPOLIS;BQB06;731433.03;6955285.8;1 - 13.8 kV
JARAGUÁ DO SUL;JCP05;687655.85;7069091.44;1 - 13.8 kV
MAFRA;MVA03;567755.56;7084448.88;2 - 23 kV
MAFRA;CIS08;559560.92;7102474.14;1 - 13.8 kV
FLORIANÓPOLIS;BQB07;731436.96;6955289.31;1 - 13.8 kV
TUBARÃO;TRO07;694388.8852;6849381.45;1 - 13.8 kV
BLUMENAU;IAL05;671376.64;7023170.35;2 - 23 kV
BLUMENAU;IAL06;671379.18;7023160.56;2 - 23 kV
BLUMENAU;BSO04;687998.03;7025418.5;2 - 23 kV
FLORIANÓPOLIS;FAA06;743310.86;6947743.13;1 - 13.8 kV
FLORIANÓPOLIS;FAA08;743320.36;6947767.22;1 - 13.8 kV
FLORIANÓPOLIS;FAA09;743321.84;6947764.36;1 - 13.8 kV
FLORIANÓPOLIS;FAA11;743324.59;6947758.92;1 - 13.8 kV
FLORIANÓPOLIS;FAA12;743325.83;6947756.21;1 - 13.8 kV
FLORIANÓPOLIS;ICO01;740544.44;6945568.51;1 - 13.8 kV
ITAJAÍ;NGS14;730538.03;7026670.35;1 - 13.8 kV
ITAJAÍ;NGS13;730532.04;7026675.68;1 - 13.8 kV
FLORIANÓPOLIS;PLA12;729262.7388;6937499.028;1 - 13.8 kV
TUBARÃO;OAS05;668493.16;6860044.67;1 - 13.8 kV
JOINVILLE;IOA07;738938.02;7112878.52;1 - 13.8 kV
JOINVILLE;IOA06;738937.91;7112870.62;1 - 13.8 kV
JOINVILLE;IOA05;738938.91;7112862.14;1 - 13.8 kV
JOINVILLE;IOA03;738938.8;7112852.44;1 - 13.8 kV
JOINVILLE;IOA04;738939.13;7112845.58;1 - 13.8 kV
LAGES;CDI06;545575.5;6978641.73;2 - 23 kV
JARAGUÁ DO SUL;GRM14;696155.5055;7070362.1;1 - 13.8 kV
JARAGUÁ DO SUL;JSL12;691622.0891;7070345.775;1 - 13.8 kV
RIO DO SUL;TCL08;619923.72;6980024.52;2 - 23 kV
JARAGUÁ DO SUL;JSL11;691618.9038;7070341.883;1 - 13.8 kV
MAFRA;IOS53;609300.19;7086820.59;2 - 23 kV
LAGES;LVR01;568532.33;6927212.24;2 - 23 kV
JOINVILLE;GVA02;714371.9171;7114916.797;1 - 13.8 kV
FLORIANÓPOLIS;FAA07;743318.46;6947770.96;1 - 13.8 kV
VIDEIRA;CCN03;506939.1;7034927.86;2 - 23 kV
CRICIÚMA;CFL08;655374.15;6826908.81;1 - 13.8 kV
JARAGUÁ DO SUL;GRM05;696125.711;7070351.113;3 - 34.5 kV
CRICIÚMA;AGA07;644627.94;6796943.42;1 - 13.8 kV
JOINVILLE;APG01;724331.412;7076370.954;1 - 13.8 kV
JOINVILLE;APG02;724330.713;7076366.203;1 - 13.8 kV
BLUMENAU;MDA02;698210.1532;7055264.498;1 - 13.8 kV
BLUMENAU;MDA03;698211.6188;7055266.685;1 - 13.8 kV
CHAPECÓ;XXE07;361750.29;7027846.76;2 - 23 kV
BLUMENAU;BGA21;690834.39;7017602.64;2 - 23 kV
BLUMENAU;BSO11;687981.07;7025429.36;2 - 23 kV
JOINVILLE;JPM05;719943.99;7083853.48;1 - 13.8 kV
ITAJAÍ;NGS05;730506.14;7026693.44;2 - 23 kV
ITAJAÍ;NGS06;730511.29;7026688;2 - 23 kV
RIO DO SUL;VRC03;662304.93;6970377.46;2 - 23 kV
RIO DO SUL;VRC04;662301.04;6970373.57;2 - 23 kV
RIO DO SUL;VRC05;662297.17;6970369.14;2 - 23 kV
RIO DO SUL;VRC06;662293.09;6970364.94;2 - 23 kV
ITAJAÍ;NGS01;730493.6;7026703.26;2 - 23 kV
ITAJAÍ;NGS02;730500;7026696.68;2 - 23 kV
LAGES;LVR05;568523.527;6927227.469;2 - 23 kV
LAGES;LVR07;568525.8;6927223.9;2 - 23 kV
LAGES;LVR02;568527.89;6927219.82;2 - 23 kV
LAGES;LVR03;568529.89;6927215.94;2 - 23 kV
LAGES;LVR10;568536.34;6927207.65;2 - 23 kV
LAGES;LVR06;568539.53;6927202.76;2 - 23 kV
LAGES;LVR09;568542.26;6927198.81;2 - 23 kV
LAGES;LVR08;568545.51;6927192.96;2 - 23 kV
LAGES;LVR04;568549.2;6927187.94;2 - 23 kV
TUBARÃO;TRO13;694403.3408;6849396.285;1 - 13.8 kV
TUBARÃO;TRO14;694404.8818;6849397.929;1 - 13.8 kV
JOINVILLE;GVA04;714391.8064;7114918.866;1 - 13.8 kV
JOINVILLE;GVA03;714381.4881;7114917.111;1 - 13.8 kV
JOINVILLE;GVA01;714366.43;7114913.51;1 - 13.8 kV
JOINVILLE;JPM01;719931.43;7083879.53;1 - 13.8 kV
JOINVILLE;JPM06;719954.77;7083854.46;1 - 13.8 kV
JOINVILLE;JPM02;719930.9;7083874.06;1 - 13.8 kV
JOINVILLE;PRA12;708869.6;7097076.42;1 - 13.8 kV
BLUMENAU;BBV05;686848;7021046;2 - 23 kV
LAGES;LAI08;562833.88;6924519.09;2 - 23 kV
CRICIÚMA;SIO05;632279.78;6780278.62;1 - 13.8 kV
MAFRA;IPS04;520309.51;7095738.14;1 - 13.8 kV
LAGES;LAI05;562861.46;6924510.08;2 - 23 kV
BLUMENAU;BBV06;686842;7021042;2 - 23 kV
S MIGUEL OESTE;SMD12;251507.5396;7040650.535;2 - 23 kV
CRICIÚMA;AGA08;644633.8;6796945.4;1 - 13.8 kV
JOINVILLE;JPI03;711600.16;7095371.14;1 - 13.8 kV
FLORIANÓPOLIS;CQS14;739251.1;6945046.11;1 - 13.8 kV
JOINVILLE;UTA04;746130.54;7097059.73;1 - 13.8 kV
JOINVILLE;JVC10;713186.03;7090052.85;1 - 13.8 kV
CHAPECÓ;CCI13;336916.57;7003538.4;2 - 23 kV
CRICIÚMA;MUA04;674836.07;6828280.52;1 - 13.8 kV
CHAPECÓ;QLO04;329357.17;7034790.59;2 - 23 kV
RIO DO SUL;RSL08;633919.25;6990129.99;2 - 23 kV
VIDEIRA;TRA05;474877.7165;6999977.641;2 - 23 kV
BLUMENAU;TBO05;673116.34;7029148.8;2 - 23 kV
BLUMENAU;BRB05;703747.98;6998960.06;2 - 23 kV
BLUMENAU;IAL01;671361.41;7023202.62;2 - 23 kV
BLUMENAU;BND09;689718.57;7036119.94;2 - 23 kV
BLUMENAU;BND08;689721.85;7036121.1;2 - 23 kV
BLUMENAU;BND06;689739.67;7036125.55;2 - 23 kV
BLUMENAU;BND07;689734.84;7036123.69;2 - 23 kV
BLUMENAU;BND04;689725.02;7036122.56;2 - 23 kV
BLUMENAU;BRB06;703750.88;6998952.6;2 - 23 kV
S MIGUEL OESTE;INA06;230312.12;6993224.48;2 - 23 kV
JOINVILLE;JPM03;719930.03;7083869;1 - 13.8 kV
BLUMENAU;BQE11;708636.86;7004726.68;2 - 23 kV
BLUMENAU;GPR06;704542;7019430;2 - 23 kV
BLUMENAU;LAS02;707334.5355;7043299.476;1 - 13.8 kV
BLUMENAU;LAS03;707334.5355;7043296.727;1 - 13.8 kV
ITAJAÍ;PBO02;739685.74;6993382.67;1 - 13.8 kV
ITAJAÍ;PBO03;739688.2;6993380.14;1 - 13.8 kV
ITAJAÍ;PCS04;729719.11;7038528.51;1 - 13.8 kV
ITAJAÍ;PBO04;739682.68;6993385.38;1 - 13.8 kV
ITAJAÍ;PBO05;739692.66;6993374.99;1 - 13.8 kV
ITAJAÍ;PBO01;739679.96;6993387.87;1 - 13.8 kV
ITAJAÍ;CBU08;734755.8948;7011099.594;1 - 13.8 kV
ITAJAÍ;CBU03;734748.4767;7011102.251;1 - 13.8 kV
ITAJAÍ;CBU01;734795.5919;7011132.728;1 - 13.8 kV
ITAJAÍ;IFA05;734303.32;7017280.77;2 - 23 kV
ITAJAÍ;IFA10;734302.33;7017270.84;1 - 13.8 kV
ITAJAÍ;IFA11;734301.7;7017266.58;1 - 13.8 kV
ITAJAÍ;IFA04;734303.85;7017285.24;2 - 23 kV
ITAJAÍ;IFA09;734302.52;7017274.77;1 - 13.8 kV
ITAJAÍ;IFA12;734301.17;7017263.58;1 - 13.8 kV
ITAJAÍ;CBU05;734768.2719;7011103.229;1 - 13.8 kV
ITAJAÍ;CBU04;734773.595;7011106.611;1 - 13.8 kV
ITAJAÍ;CBU06;734771.0507;7011104.973;1 - 13.8 kV
ITAJAÍ;CBU02;734791.5193;7011129.933;1 - 13.8 kV
ITAJAÍ;IFA02;734305.66;7017295.02;2 - 23 kV
ITAJAÍ;PCS01;729722.66;7038520.37;1 - 13.8 kV
ITAJAÍ;PCS07;729717.19;7038534.91;1 - 13.8 kV
ITAJAÍ;IFA01;734306.26;7017298.76;2 - 23 kV
ITAJAÍ;PCS06;729723.12;7038517.62;1 - 13.8 kV
ITAJAÍ;PCS02;729721.37;7038522.59;1 - 13.8 kV
ITAJAÍ;PCS03;729720.07;7038525.47;1 - 13.8 kV
ITAJAÍ;PBO07;739690.17;6993377.28;1 - 13.8 kV
ITAJAÍ;CMB01;737729.99;7007590.48;1 - 13.8 kV
ITAJAÍ;PCS08;729715.83;7038537.85;1 - 13.8 kV
ITAJAÍ;IFA13;734300.86;7017260.19;1 - 13.8 kV
ITAJAÍ;IIA01;724758.2151;7017423.606;2 - 23 kV
ITAJAÍ;IIA02;724761.0465;7017423.552;2 - 23 kV
ITAJAÍ;IIA05;724773.84;7017423.67;2 - 23 kV
ITAJAÍ;IIA06;724777.52;7017423.57;2 - 23 kV
BLUMENAU;BFA01;692893.23;7027502.57;2 - 23 kV
BLUMENAU;BFA02;692902.79;7027501.17;2 - 23 kV
BLUMENAU;BFA03;692911.8;7027500.52;2 - 23 kV
BLUMENAU;BFA05;692921.87;7027501.91;2 - 23 kV
BLUMENAU;BFA06;692930.27;7027504.2;2 - 23 kV
JARAGUÁ DO SUL;JCP03;687652.47;7069092.34;1 - 13.8 kV
JARAGUÁ DO SUL;GRI02;699793.6297;7070412.191;1 - 13.8 kV
JOINVILLE;JVC02;713159.03;7090053.61;1 - 13.8 kV
JOINVILLE;JSC01;715371.35;7080296.87;1 - 13.8 kV
FLORIANÓPOLIS;PCN03;727905.6533;6940484.086;1 - 13.8 kV
JOINVILLE;UTA01;746116.71;7097055.23;1 - 13.8 kV
JOINVILLE;ARI01;731511.88;7080035.42;1 - 13.8 kV
JOINVILLE;JVC03;713180.35;7090053.41;1 - 13.8 kV
JOINVILLE;JVN01;707667.9661;7090006.77;1 - 13.8 kV
JOINVILLE;JVN02;707667.69;7090000.26;1 - 13.8 kV
JOINVILLE;JVN03;707667.53;7089994.488;1 - 13.8 kV
LAGES;OCA02;586325.1409;6959381.933;2 - 23 kV
VIDEIRA;CDR01;497623.28;7037116.26;2 - 23 kV
VIDEIRA;CDR02;497620.66;7037119.26;2 - 23 kV
VIDEIRA;CDR03;497618.16;7037122.11;2 - 23 kV
VIDEIRA;CDR04;497626.19;7037113.18;2 - 23 kV
VIDEIRA;CDR05;497628.47;7037110.86;2 - 23 kV
VIDEIRA;CDR06;497630.48;7037108.61;2 - 23 kV
VIDEIRA;CDR07;497632.5;7037106.29;2 - 23 kV
VIDEIRA;CDR08;497634.56;7037104.09;2 - 23 kV
VIDEIRA;CDR09;497636.73;7037102.01;2 - 23 kV
VIDEIRA;VDA01;485550.0181;7011393.131;2 - 23 kV
VIDEIRA;VDA02;485553.115;7011389.882;2 - 23 kV
VIDEIRA;VDA03;485556.2119;7011387.097;2 - 23 kV
VIDEIRA;VDA04;485559.6185;7011383.694;2 - 23 kV
VIDEIRA;FBO01;507594.07;7011333.99;2 - 23 kV
VIDEIRA;FBO02;507591.36;7011333.09;2 - 23 kV
VIDEIRA;FBO03;507588.4;7011332.06;2 - 23 kV
VIDEIRA;FBO04;507585.31;7011331.03;2 - 23 kV
VIDEIRA;FBO05;507581.96;7011329.87;2 - 23 kV
VIDEIRA;FBO06;507578.74;7011328.84;2 - 23 kV
VIDEIRA;CCN01;506939.07;7034936.87;2 - 23 kV
VIDEIRA;CCN02;506939.08;7034932.73;2 - 23 kV
MAFRA;IOS51;609300.31;7086826.12;2 - 23 kV
MAFRA;IOS52;609300.4;7086828.87;2 - 23 kV
MAFRA;IOS56;609300.17;7086823.36;2 - 23 kV
MAFRA;CIS01;559561.5;7102468.82;1 - 13.8 kV
MAFRA;CIS02;559563.63;7102460.84;1 - 13.8 kV
MAFRA;CIS03;559563.81;7102457.72;1 - 13.8 kV
MAFRA;CIS04;559564.64;7102450.08;1 - 13.8 kV
MAFRA;CIS05;559564.12;7102433.82;1 - 13.8 kV
MAFRA;CIS06;559563.88;7102436.81;1 - 13.8 kV
MAFRA;CIS07;559559.57;7102483.36;1 - 13.8 kV
MAFRA;IPS01;520296.5;7095748.92;1 - 13.8 kV
MAFRA;IPS02;520300.62;7095746.21;1 - 13.8 kV
MAFRA;UVA01;494163.88;7094704.01;3 - 34.5 kV
MAFRA;PUO01;496393.9812;7095200.709;2 - 23 kV
SÃO BENTO SUL;SBS07;659748.72;7098320.71;1 - 13.8 kV
ITAJAÍ;IIA03;724763.9736;7017423.574;2 - 23 kV
ITAJAÍ;IIA04;724767.02;7017423.59;2 - 23 kV
ITAJAÍ;CMB05;737725.38;7007591.04;1 - 13.8 kV
ITAJAÍ;CMB02;737736;7007590.24;1 - 13.8 kV
ITAJAÍ;PBO08;739701.34;6993364.76;1 - 13.8 kV
ITAJAÍ;PBO09;739695.6461;6993371.437;1 - 13.8 kV
ITAJAÍ;ISS10;726849.69;7023448.16;2 - 23 kV
ITAJAÍ;ISS12;726846.8;7023440.01;2 - 23 kV
SÃO BENTO SUL;SBS01;659708.37;7098323.56;1 - 13.8 kV
SÃO BENTO SUL;SBS02;659714.22;7098324.13;1 - 13.8 kV
SÃO BENTO SUL;SBS03;659718.56;7098321.86;1 - 13.8 kV
SÃO BENTO SUL;SBS05;659735.12;7098322.62;1 - 13.8 kV
SÃO BENTO SUL;SBS08;659728.47;7098322.73;1 - 13.8 kV
SÃO BENTO SUL;SBS06;659744.3;7098321.74;1 - 13.8 kV
SÃO BENTO SUL;SBS04;659723.54;7098321.39;1 - 13.8 kV
SÃO BENTO SUL;RNO04;650206.89;7097352.45;1 - 13.8 kV
SÃO BENTO SUL;RNO02;650207.07;7097342.28;1 - 13.8 kV
SÃO BENTO SUL;SBS09;659726.11;7098321.67;1 - 13.8 kV
SÃO BENTO SUL;RNO03;650207.14;7097337.85;1 - 13.8 kV
SÃO BENTO SUL;RNO06;650207.43;7097357.56;1 - 13.8 kV
SÃO BENTO SUL;RNO01;650207.27;7097347.28;1 - 13.8 kV
SÃO BENTO SUL;SBB03;665615.14;7099368.02;1 - 13.8 kV
SÃO BENTO SUL;SBB04;665615.86;7099363.57;1 - 13.8 kV
SÃO BENTO SUL;SBB05;665616.25;7099358.12;1 - 13.8 kV
SÃO BENTO SUL;SBB06;665617.03;7099353.96;1 - 13.8 kV
SÃO BENTO SUL;RNO07;650190.65;7097361.89;1 - 13.8 kV
JARAGUÁ DO SUL;JSL02;691593.0038;7070309.227;1 - 13.8 kV
JARAGUÁ DO SUL;JSL03;691596.8067;7070314.005;1 - 13.8 kV
JARAGUÁ DO SUL;JSL05;691603.3593;7070322.222;1 - 13.8 kV
JARAGUÁ DO SUL;JSL06;691606.4442;7070326.116;1 - 13.8 kV
JARAGUÁ DO SUL;JSL07;691612.3544;7070333.534;1 - 13.8 kV
JARAGUÁ DO SUL;JSL08;691615.3181;7070337.253;1 - 13.8 kV
S MIGUEL OESTE;SJC06;249475.05;7072412.05;2 - 23 kV
ITAJAÍ;CMB11;737701.72;7007591.47;2 - 23 kV
ITAJAÍ;CMB12;737697.52;7007591.47;2 - 23 kV
ITAJAÍ;CMB07;737707.44;7007591.17;1 - 13.8 kV
ITAJAÍ;CMB06;737711.11;7007591.23;1 - 13.8 kV
FLORIANÓPOLIS;PPA04;735335.77;6915314.22;1 - 13.8 kV
FLORIANÓPOLIS;PPA05;735335.59;6915305.49;1 - 13.8 kV
FLORIANÓPOLIS;PPA06;735335.51;6915296.82;1 - 13.8 kV
JARAGUÁ DO SUL;GRI04;699798.1373;7070415.41;1 - 13.8 kV
JARAGUÁ DO SUL;GRI03;699795.9602;7070413.755;1 - 13.8 kV
JARAGUÁ DO SUL;SSR02;691937.6707;7077061.196;1 - 13.8 kV
JARAGUÁ DO SUL;CPA02;675612.68;7075578.49;1 - 13.8 kV
JARAGUÁ DO SUL;CPA03;675619.11;7075575.33;1 - 13.8 kV
JARAGUÁ DO SUL;JNR02;682580.64;7072195.27;1 - 13.8 kV
JARAGUÁ DO SUL;GRM12;696170.2607;7070367.815;1 - 13.8 kV
JARAGUÁ DO SUL;GRM03;696138.09;7070356.278;3 - 34.5 kV
JARAGUÁ DO SUL;JCP02;687648.17;7069092.64;1 - 13.8 kV
JOINVILLE;JVU01;711059.25;7090232.8;1 - 13.8 kV
JOINVILLE;JVU03;711050.1;7090213.13;1 - 13.8 kV
JOINVILLE;JVT04;715589.25;7087225.79;1 - 13.8 kV
JOINVILLE;JVT05;715600.3748;7087219.677;1 - 13.8 kV
JOINVILLE;JVT06;715592.25;7087218.87;1 - 13.8 kV
JOINVILLE;JVT07;715582.9923;7087231.513;1 - 13.8 kV
JOINVILLE;JVT08;715600.71;7087216.7;1 - 13.8 kV
JOINVILLE;JVT09;715602.6337;7087229.558;1 - 13.8 kV
JOINVILLE;JVT10;715601.02;7087233.29;1 - 13.8 kV
JOINVILLE;JVT11;715608.72;7087221.29;1 - 13.8 kV
JOINVILLE;SFS04;736828.11;7092974.83;1 - 13.8 kV
JOINVILLE;SFS03;736827.69;7092984.55;1 - 13.8 kV
JOINVILLE;SFS02;736824.65;7092997.84;1 - 13.8 kV
JOINVILLE;SFS01;736830;7093001.56;1 - 13.8 kV
JOINVILLE;UTA02;746120.63;7097057.92;1 - 13.8 kV
JOINVILLE;JVT12;715584.25;7087238.88;1 - 13.8 kV
JOINVILLE;JVT13;715590.74;7087261.14;1 - 13.8 kV
JOINVILLE;JSC03;715371.5;7080285.97;1 - 13.8 kV
JOINVILLE;JSC02;715371.35;7080291.2;1 - 13.8 kV
JOINVILLE;JSC04;715371.5;7080278.05;1 - 13.8 kV
JOINVILLE;JPM04;719929.33;7083863.65;1 - 13.8 kV
CHAPECÓ;CCI10;336920.29;7003547.9;2 - 23 kV
VIDEIRA;VDA05;485561.9412;7011381.373;2 - 23 kV
VIDEIRA;VDA06;485564.7284;7011378.433;2 - 23 kV
VIDEIRA;VDA07;485565.6575;7011372.709;2 - 23 kV
VIDEIRA;VDA08;485568.5996;7011369.769;2 - 23 kV
RIO DO SUL;TCL07;619928.2;6980027.36;2 - 23 kV
MAFRA;PUO02;496399.233;7095202.13;2 - 23 kV
MAFRA;PUO03;496404.0983;7095203.456;2 - 23 kV
MAFRA;MVA04;567760.36;7084448.68;2 - 23 kV
JOAÇABA;CZL01;440240.63;6974878.74;2 - 23 kV
JOAÇABA;CNS02;479233.23;6971529.29;2 - 23 kV
JOAÇABA;CNS03;479229.32;6971531.41;2 - 23 kV
JOAÇABA;CNS04;479225.35;6971533.67;2 - 23 kV
JOAÇABA;CNS05;479221.41;6971535.77;2 - 23 kV
JOAÇABA;CNS06;479217.19;6971538.03;3 - 34.5 kV
JOAÇABA;HOE01;450269.11;6992118.89;2 - 23 kV
JOAÇABA;HOE02;450268.06;6992114.77;2 - 23 kV
JOAÇABA;HOE03;450266.54;6992110.2;2 - 23 kV
JOAÇABA;HOE04;450264.86;6992105.46;2 - 23 kV
JOAÇABA;HOE06;450263.69;6992100.91;2 - 23 kV
JOAÇABA;HOE08;450262.08;6992095.9;2 - 23 kV
JOAÇABA;ADE02;444949.76;7015565.4;2 - 23 kV
MAFRA;MVA02;567752.48;7084445.68;2 - 23 kV
JOINVILLE;JVQ02;714636.1331;7092489.693;1 - 13.8 kV
JOINVILLE;JVQ03;714635.8095;7092485.241;1 - 13.8 kV
JOINVILLE;JVQ04;714635.8567;7092479.791;1 - 13.8 kV
JOINVILLE;JVQ08;714591.2233;7092467.152;1 - 13.8 kV
JOINVILLE;JVQ10;714586.5245;7092473.816;1 - 13.8 kV
JOINVILLE;JVQ11;714588.1636;7092471.395;1 - 13.8 kV
JOINVILLE;JVQ12;714589.0204;7092483.029;1 - 13.8 kV
JOINVILLE;JVQ13;714590.6762;7092481.379;1 - 13.8 kV
JOINVILLE;JVC04;713177.76;7090053.54;1 - 13.8 kV
JOINVILLE;JVC06;713166.46;7090060.64;1 - 13.8 kV
JOINVILLE;JVC05;713173.62;7090060.21;1 - 13.8 kV
JOINVILLE;JVC07;713161.73;7090053.7;1 - 13.8 kV
JOINVILLE;JVC08;713193.49;7090060.6;1 - 13.8 kV
JOINVILLE;JVC09;713189.76;7090060.53;1 - 13.8 kV
JOINVILLE;PRA02;708887.49;7097070.67;1 - 13.8 kV
JOINVILLE;PRA06;708874.25;7097050.95;1 - 13.8 kV
JOINVILLE;PRA05;708876.23;7097056.95;1 - 13.8 kV
JOINVILLE;PRA03;708877.46;7097075.19;1 - 13.8 kV
JOINVILLE;ARI02;731534.19;7080020.64;1 - 13.8 kV
JOINVILLE;ARI03;731515.26;7080027.98;1 - 13.8 kV
JOINVILLE;ARI04;731525.59;7080020.25;1 - 13.8 kV
JOINVILLE;PRA04;708882.19;7097070.17;1 - 13.8 kV
JOINVILLE;UTA03;746111.64;7097051.84;1 - 13.8 kV
JOINVILLE;JIU01;718690.11;7093082.84;1 - 13.8 kV
JOINVILLE;JIU03;718698.32;7093090.55;1 - 13.8 kV
JOINVILLE;JIU04;718694.18;7093086.27;1 - 13.8 kV
JOINVILLE;JIU05;718706.75;7093097.11;1 - 13.8 kV
LAGES;SCO01;551540.03;6984281.8;2 - 23 kV
JOINVILLE;PRA13;708846.62;7097055.74;3 - 34.5 kV
JOINVILLE;JSC05;715372.21;7080269.41;1 - 13.8 kV
TUBARÃO;GVL04;692325;6864935.53;1 - 13.8 kV
BLUMENAU;BRB11;703761.74;6998935.49;2 - 23 kV
S MIGUEL OESTE;MCR02;260742.58;7000788.1;2 - 23 kV
S MIGUEL OESTE;MCR03;260740.14;7000784.58;2 - 23 kV
JOINVILLE;ARI05;731536.99;7080014.51;1 - 13.8 kV
JOINVILLE;PRA09;708862.16;7097051.16;1 - 13.8 kV
JOINVILLE;PRA10;708864.33;7097055.05;1 - 13.8 kV
JOINVILLE;PRA11;708856.48;7097058.22;1 - 13.8 kV
VIDEIRA;CDR10;497639.1;7037098.87;2 - 23 kV
VIDEIRA;VDA10;485573.7095;7011364.664;2 - 23 kV
VIDEIRA;VDA09;485571.3868;7011366.83;2 - 23 kV
MAFRA;MVA01;567766.62;7084450.08;2 - 23 kV
JOAÇABA;CZL02;440241.02;6974887.77;2 - 23 kV
JOAÇABA;CZL03;440250.84;6974896.81;2 - 23 kV
JOAÇABA;CZL04;440240.43;6974872.06;2 - 23 kV
JOAÇABA;CZL05;440241.41;6974892.29;2 - 23 kV
JOAÇABA;ADE03;444949.64;7015558.5;2 - 23 kV
FLORIANÓPOLIS;INE11;751653.7996;6960775.265;1 - 13.8 kV
FLORIANÓPOLIS;INE02;751626.4482;6960781.305;1 - 13.8 kV
FLORIANÓPOLIS;INE03;751629.6435;6960780.6;1 - 13.8 kV
FLORIANÓPOLIS;INE04;751633.0193;6960779.854;1 - 13.8 kV
FLORIANÓPOLIS;INE05;751636.5857;6960779.067;1 - 13.8 kV
FLORIANÓPOLIS;INE06;751640.3801;6960778.229;1 - 13.8 kV
FLORIANÓPOLIS;INE07;751643.9402;6960777.442;1 - 13.8 kV
FLORIANÓPOLIS;INE08;751647.269;6960776.707;1 - 13.8 kV
FLORIANÓPOLIS;ICO03;740539.43;6945564;1 - 13.8 kV
FLORIANÓPOLIS;ICO04;740537.35;6945561.99;1 - 13.8 kV
FLORIANÓPOLIS;ICO05;740535.06;6945559.65;1 - 13.8 kV
FLORIANÓPOLIS;ICO06;740532.47;6945557.41;1 - 13.8 kV
FLORIANÓPOLIS;ICO07;740527.54;6945553.43;1 - 13.8 kV
FLORIANÓPOLIS;ICO08;740525.14;6945551.21;1 - 13.8 kV
FLORIANÓPOLIS;ICO09;740522.91;6945549.25;1 - 13.8 kV
FLORIANÓPOLIS;CQS10;739327.37;6944956.23;1 - 13.8 kV
FLORIANÓPOLIS;CQS11;739327.39;6944953.31;1 - 13.8 kV
FLORIANÓPOLIS;CQS12;739327.25;6944950.37;1 - 13.8 kV
FLORIANÓPOLIS;CQS13;739327.77;6944946.92;1 - 13.8 kV
FLORIANÓPOLIS;CQS02;739254;6945046.56;1 - 13.8 kV
FLORIANÓPOLIS;CQS03;739261.21;6945047.19;1 - 13.8 kV
FLORIANÓPOLIS;CQS04;739246.25;6945045.95;1 - 13.8 kV
FLORIANÓPOLIS;CQS05;739243.03;6945045.77;1 - 13.8 kV
FLORIANÓPOLIS;CQS07;739266.14;6945048.19;1 - 13.8 kV
FLORIANÓPOLIS;CQS09;739268.79;6945048.71;1 - 13.8 kV
MAFRA;MFA01;618990.82;7108464.69;1 - 13.8 kV
MAFRA;IPS03;520305.08;7095741.73;1 - 13.8 kV
MAFRA;RNG01;622587.07;7114499.34;1 - 13.8 kV
MAFRA;RNG02;622591.39;7114501.78;1 - 13.8 kV
MAFRA;RNG03;622595.16;7114504.41;1 - 13.8 kV
MAFRA;MFA48;618970.25;7108442.68;3 - 34.5 kV
MAFRA;MFA02;618998.68;7108470.88;1 - 13.8 kV
MAFRA;MFA50;618973.94;7108445.89;3 - 34.5 kV
MAFRA;MFA49;618980.88;7108453.54;3 - 34.5 kV
MAFRA;MFA06;619007.84;7108480.66;1 - 13.8 kV
MAFRA;MFA07;619001.62;7108474.42;1 - 13.8 kV
MAFRA;MFA05;618985.29;7108458.74;1 - 13.8 kV
MAFRA;MFA04;619004.95;7108477.46;1 - 13.8 kV
MAFRA;MFA03;619010.07;7108483.17;1 - 13.8 kV
MAFRA;PDA01;583305.46;7080192.92;2 - 23 kV
MAFRA;STA01;600581.47;7051916.27;2 - 23 kV
MAFRA;STA02;600583.63;7051912.2;2 - 23 kV
MAFRA;STA03;600584.55;7051909.29;2 - 23 kV
MAFRA;PDA02;583306.39;7080197.86;2 - 23 kV
MAFRA;PDA03;583307.27;7080201.83;2 - 23 kV
MAFRA;PDA04;583308.16;7080205.34;2 - 23 kV
JOAÇABA;CZL06;440251.04;6974882.86;2 - 23 kV
JOAÇABA;CDS01;433450;7005330;2 - 23 kV
JOAÇABA;CDS02;433454;7005338;2 - 23 kV
JOAÇABA;CDS03;433458;7005346;2 - 23 kV
MAFRA;PAI03;585327.99;7080934.03;3 - 34.5 kV
MAFRA;PAI04;585322.05;7080931.9;3 - 34.5 kV
MAFRA;PAI05;585316.13;7080929.86;3 - 34.5 kV
FLORIANÓPOLIS;TDE01;746843.5497;6944371.91;1 - 13.8 kV
FLORIANÓPOLIS;TDE02;746839.4007;6944374.105;1 - 13.8 kV
FLORIANÓPOLIS;TDE04;746835.41;6944376.65;1 - 13.8 kV
FLORIANÓPOLIS;TDE05;746830.4;6944380.94;1 - 13.8 kV
FLORIANÓPOLIS;TDE06;746827.35;6944383.85;1 - 13.8 kV
FLORIANÓPOLIS;TDE07;746822.87;6944387.63;1 - 13.8 kV
FLORIANÓPOLIS;TDE08;746818.92;6944391.24;1 - 13.8 kV
FLORIANÓPOLIS;ICO10;740520.46;6945547.18;1 - 13.8 kV
FLORIANÓPOLIS;ICO11;740517.49;6945545.04;1 - 13.8 kV
FLORIANÓPOLIS;RCO04;735077.09;6946248.76;1 - 13.8 kV
FLORIANÓPOLIS;RCO09;735077.06;6946268.83;1 - 13.8 kV
FLORIANÓPOLIS;RCO06;734992.35;6946244.92;1 - 13.8 kV
FLORIANÓPOLIS;RCO07;735077.2;6946280.6;1 - 13.8 kV
FLORIANÓPOLIS;RCO08;735077.17;6946276.58;1 - 13.8 kV
JOAÇABA;CDS06;433470;7005370;2 - 23 kV
JOAÇABA;CDS05;433466;7005362;2 - 23 kV
JOAÇABA;CDS04;433462;7005354;2 - 23 kV
JARAGUÁ DO SUL;JCP06;687658.88;7069086.59;1 - 13.8 kV
BLUMENAU;BRB12;703763.1857;6998918.201;2 - 23 kV
RIO DO SUL;TIO07;600413.84;6998089.05;2 - 23 kV
LAGES;LAI02;562857.66;6924511.36;2 - 23 kV
JOAÇABA;HOE11;450260.6;6992091.2;2 - 23 kV
FLORIANÓPOLIS;ISL04;746137.4717;6936809.887;1 - 13.8 kV
FLORIANÓPOLIS;ISL03;746133.1526;6936806.54;1 - 13.8 kV
FLORIANÓPOLIS;ISL02;746128.8833;6936803.318;1 - 13.8 kV
FLORIANÓPOLIS;ISL01;746124.5553;6936800.189;1 - 13.8 kV
FLORIANÓPOLIS;RCO10;734992.36;6946238.94;1 - 13.8 kV
FLORIANÓPOLIS;RCO11;735077.21;6946245.31;1 - 13.8 kV
FLORIANÓPOLIS;RCO12;735077.13;6946273;1 - 13.8 kV
FLORIANÓPOLIS;RCO13;734992.36;6946235.92;1 - 13.8 kV
FLORIANÓPOLIS;RCO05;734992.12;6946248.23;1 - 13.8 kV
FLORIANÓPOLIS;RCO03;735077.01;6946252.32;1 - 13.8 kV
FLORIANÓPOLIS;RCO02;735077.08;6946255.75;1 - 13.8 kV
FLORIANÓPOLIS;RCO01;735077;6946259.18;1 - 13.8 kV
FLORIANÓPOLIS;PLA05;729262.72;6937533.32;1 - 13.8 kV
FLORIANÓPOLIS;PLA06;729262.63;6937526.11;1 - 13.8 kV
FLORIANÓPOLIS;PLA08;729262.66;6937513.38;1 - 13.8 kV
FLORIANÓPOLIS;PLA09;729266.5403;6937517.548;1 - 13.8 kV
FLORIANÓPOLIS;PLA10;729262.7388;6937507.802;1 - 13.8 kV
FLORIANÓPOLIS;TJS01;725960.8779;6982935.788;2 - 23 kV
FLORIANÓPOLIS;TJS02;725952.1522;6982933.571;2 - 23 kV
FLORIANÓPOLIS;TJS03;725966.8541;6982937.355;2 - 23 kV
FLORIANÓPOLIS;TJS04;725972.8624;6982938.999;2 - 23 kV
FLORIANÓPOLIS;TJS05;725969.7394;6982938.142;2 - 23 kV
FLORIANÓPOLIS;AUG01;696593.25;6952957.24;1 - 13.8 kV
FLORIANÓPOLIS;AUG02;696589.58;6952961.01;1 - 13.8 kV
FLORIANÓPOLIS;PPA03;735335.86;6915321.61;1 - 13.8 kV
CONCÓRDIA;COA01;397599.0693;6988209.268;1 - 13.8 kV
CONCÓRDIA;COA02;397599.6947;6988206.299;1 - 13.8 kV
CONCÓRDIA;COA03;397600.4764;6988203.434;1 - 13.8 kV
CONCÓRDIA;ATA01;388051.5;6997425.52;2 - 23 kV
CONCÓRDIA;IRM01;386547.15;7003175.77;2 - 23 kV
CONCÓRDIA;IRM04;386544.77;7003171.56;2 - 23 kV
S MIGUEL OESTE;PMS01;287277.34;7005010.71;2 - 23 kV
S MIGUEL OESTE;PMS02;287273.31;7005010.46;2 - 23 kV
S MIGUEL OESTE;PMS03;287269.66;7005010.54;2 - 23 kV
S MIGUEL OESTE;PMS04;287265.92;7005010.44;2 - 23 kV
S MIGUEL OESTE;PMS05;287262.07;7005010.54;2 - 23 kV
S MIGUEL OESTE;INA03;230318.57;6993237.98;2 - 23 kV
S MIGUEL OESTE;INA02;230316.95;6993234.56;2 - 23 kV
S MIGUEL OESTE;INA01;230321.34;6993244.86;2 - 23 kV
S MIGUEL OESTE;INA04;230315.32;6993230.41;2 - 23 kV
S MIGUEL OESTE;INA05;230319.98;6993241.12;2 - 23 kV
CHAPECÓ;PZO04;297865.18;7033127.65;2 - 23 kV
CONCÓRDIA;ATA02;388053.3;6997428.67;2 - 23 kV
RIO DO SUL;PGI01;635007.7906;7010692.184;2 - 23 kV
RIO DO SUL;PGI02;635003.2337;7010686.558;2 - 23 kV
RIO DO SUL;PGI03;634998.5426;7010681.735;2 - 23 kV
RIO DO SUL;PGI04;634993.9856;7010678.119;2 - 23 kV
RIO DO SUL;PGI05;634989.0265;7010673.698;2 - 23 kV
CHAPECÓ;PZO07;297857.33;7033131.78;2 - 23 kV
FLORIANÓPOLIS;PLA03;729262.63;6937536.8;1 - 13.8 kV
CONCÓRDIA;COA04;397600.9975;6988200.622;1 - 13.8 kV
CONCÓRDIA;COA05;397617.9925;6988210.685;1 - 13.8 kV
CONCÓRDIA;COA07;397623.8258;6988211.673;1 - 13.8 kV
CHAPECÓ;PZO01;297891.4088;7033117.802;2 - 23 kV
CHAPECÓ;PZO02;297887.3102;7033119.244;2 - 23 kV
CHAPECÓ;PZO03;297878.2859;7033122.628;2 - 23 kV
CHAPECÓ;PZO06;297861.2;7033129.45;2 - 23 kV
CHAPECÓ;CCI01;336926.94;7003568.97;2 - 23 kV
CHAPECÓ;CCI02;336927.71;7003571.13;2 - 23 kV
CHAPECÓ;CCI03;336925.22;7003562.9;2 - 23 kV
CHAPECÓ;CCI04;336924.45;7003560.92;2 - 23 kV
CHAPECÓ;CCI05;336923.83;7003558.74;2 - 23 kV
CHAPECÓ;CCI06;336923.24;7003556.72;2 - 23 kV
CHAPECÓ;CCI07;336922.61;7003554.92;2 - 23 kV
CHAPECÓ;CCI08;336921.98;7003552.97;2 - 23 kV
CHAPECÓ;CCO01;339886.77;7003554.09;2 - 23 kV
CHAPECÓ;CCO02;339887.89;7003556.93;2 - 23 kV
CHAPECÓ;CCO03;339889.25;7003560.09;2 - 23 kV
CHAPECÓ;CCO04;339891.75;7003567.24;2 - 23 kV
CHAPECÓ;CCO05;339894.43;7003573.77;2 - 23 kV
CHAPECÓ;CCO06;339896.75;7003579.88;2 - 23 kV
CHAPECÓ;CCO07;339899.03;7003586.22;2 - 23 kV
CHAPECÓ;CCO08;339901.26;7003592.35;2 - 23 kV
CHAPECÓ;XXE01;361756.41;7027845.91;2 - 23 kV
CHAPECÓ;XXE02;361763.52;7027845.54;2 - 23 kV
CHAPECÓ;SLO01;315124.97;7082591.48;2 - 23 kV
CHAPECÓ;SLO02;315122.65;7082594.84;2 - 23 kV
CHAPECÓ;SLO03;315120.58;7082597.55;2 - 23 kV
CHAPECÓ;SLO04;315118.24;7082600.86;2 - 23 kV
CHAPECÓ;QLO01;329366.61;7034800.35;2 - 23 kV
CHAPECÓ;QLO02;329363.7;7034797.17;2 - 23 kV
CHAPECÓ;QLO03;329360.26;7034793.6;2 - 23 kV
FLORIANÓPOLIS;PLA04;729262.64;6937529.52;1 - 13.8 kV
FLORIANÓPOLIS;INE09;751622.6343;6960782.148;1 - 13.8 kV
FLORIANÓPOLIS;ICO02;740541.99;6945566.27;1 - 13.8 kV
FLORIANÓPOLIS;ICO12;740515.01;6945542.84;1 - 13.8 kV
FLORIANÓPOLIS;TJS06;725949.2176;6982932.816;2 - 23 kV
FLORIANÓPOLIS;ISL05;746141.8785;6936813.167;1 - 13.8 kV
FLORIANÓPOLIS;INE10;751650.6114;6960775.969;1 - 13.8 kV
FLORIANÓPOLIS;BQB01;731413.63;6955269.79;1 - 13.8 kV
FLORIANÓPOLIS;BQB02;731416.95;6955272.71;1 - 13.8 kV
FLORIANÓPOLIS;BQB03;731420.8;6955275.96;1 - 13.8 kV
FLORIANÓPOLIS;TDE09;746814.48;6944393.71;1 - 13.8 kV
FLORIANÓPOLIS;TDE10;746810.04;6944396.62;1 - 13.8 kV
FLORIANÓPOLIS;INE01;751618.9557;6960782.96;1 - 13.8 kV
FLORIANÓPOLIS;TJS07;725955.2232;6982934.348;2 - 23 kV
FLORIANÓPOLIS;GCR01;737808.5968;6968075.772;2 - 23 kV
FLORIANÓPOLIS;ISL06;746145.6882;6936816.115;1 - 13.8 kV
CONCÓRDIA;SRA01;370414.59;6996483.15;2 - 23 kV
CONCÓRDIA;SRA02;370413.1;6996486.32;2 - 23 kV
CONCÓRDIA;SRA03;370411.61;6996489.48;2 - 23 kV
CONCÓRDIA;SRA04;370410.13;6996492.65;2 - 23 kV
CONCÓRDIA;FGS03;377039.7;7028362.89;2 - 23 kV
CONCÓRDIA;FGS02;377041.26;7028359.21;2 - 23 kV
CONCÓRDIA;FGS01;377042.89;7028355.11;2 - 23 kV
CHAPECÓ;CCI11;336919.21;7003545;2 - 23 kV
CHAPECÓ;CCI12;336917.91;7003542.03;2 - 23 kV
MAFRA;MFA08;619014.6;7108487.03;1 - 13.8 kV
CONCÓRDIA;SRA05;370408.64;6996495.82;2 - 23 kV
CONCÓRDIA;COA08;397626.7741;6988212.132;1 - 13.8 kV
CONCÓRDIA;FGS04;377045.12;7028350.88;2 - 23 kV
CONCÓRDIA;SRA06;370407.15;6996498.94;2 - 23 kV
S MIGUEL OESTE;SJC03;249474.07;7072404.8;2 - 23 kV
S MIGUEL OESTE;SJC02;249472.61;7072397.2;2 - 23 kV
S MIGUEL OESTE;SJC01;249471.78;7072393.07;2 - 23 kV
S MIGUEL OESTE;SJC04;249474.8;7072408.96;2 - 23 kV
S MIGUEL OESTE;SJC05;249473.29;7072400.76;2 - 23 kV
S MIGUEL OESTE;SMD01;251483.23;7040627.2;2 - 23 kV
S MIGUEL OESTE;SMD02;251480.64;7040624.65;2 - 23 kV
S MIGUEL OESTE;SMD09;251485.68;7040629.6;2 - 23 kV
S MIGUEL OESTE;SMD04;251489.04;7040632.91;2 - 23 kV
S MIGUEL OESTE;SMD03;251491.7649;7040635.432;2 - 23 kV
S MIGUEL OESTE;SMD05;251494.09;7040637.86;2 - 23 kV
S MIGUEL OESTE;SMD06;251497.05;7040640.77;2 - 23 kV
S MIGUEL OESTE;SMD07;251499.68;7040643.34;2 - 23 kV
S MIGUEL OESTE;SMD08;251502.29;7040645.93;2 - 23 kV
CHAPECÓ;PZO09;297873.7822;7033124.246;2 - 23 kV
CHAPECÓ;PZO05;297869.263;7033126.107;2 - 23 kV
S MIGUEL OESTE;PMS07;287255.22;7005010.69;2 - 23 kV
LAGES;PAA01;562239.77;6960296.22;2 - 23 kV
LAGES;PAA02;562245.49;6960296.1;2 - 23 kV
LAGES;SJM01;605784.9;6871897.65;2 - 23 kV
LAGES;SJM02;605792.7756;6871894.195;2 - 23 kV
LAGES;SJM03;605800.6432;6871890.738;2 - 23 kV
LAGES;SJM04;605808.5175;6871887.281;2 - 23 kV
LAGES;OCA01;586329.8997;6959384.457;2 - 23 kV
LAGES;LUC01;551079.4255;6923699.912;2 - 23 kV
LAGES;LUC03;551067.665;6923633.225;2 - 23 kV
LAGES;AGI01;487409.82;6938544.12;2 - 23 kV
LAGES;AGI02;487408.78;6938549.45;2 - 23 kV
LAGES;AGI03;487408.11;6938554.03;2 - 23 kV
CRICIÚMA;ICA01;667096.23;6821834.6;1 - 13.8 kV
CRICIÚMA;ICA06;667096.13;6821883.41;1 - 13.8 kV
CRICIÚMA;CFL02;655351.21;6826902.86;1 - 13.8 kV
CRICIÚMA;MJA04;649674.51;6806668.46;1 - 13.8 kV
CRICIÚMA;AGA06;644620.38;6796940.8;1 - 13.8 kV
CRICIÚMA;AGA05;644613.54;6796938.7;1 - 13.8 kV
CRICIÚMA;AGA04;644610.56;6796946.06;1 - 13.8 kV
CRICIÚMA;AGA03;644607.05;6796936.59;1 - 13.8 kV
CRICIÚMA;AGA02;644604.25;6796944.13;1 - 13.8 kV
CRICIÚMA;AGA01;644600.22;6796933.09;1 - 13.8 kV
CRICIÚMA;EMO01;633327.5804;6790756.565;1 - 13.8 kV
CRICIÚMA;SIO01;632277.78;6780297.39;1 - 13.8 kV
CRICIÚMA;SIO02;632285.87;6780290.54;1 - 13.8 kV
CRICIÚMA;CUA06;661093.6;6825200.49;1 - 13.8 kV
CRICIÚMA;CUA02;661093.42;6825162.48;1 - 13.8 kV
CRICIÚMA;CUA03;661093.33;6825193.38;1 - 13.8 kV
CRICIÚMA;CUA04;661093.33;6825190.02;1 - 13.8 kV
CRICIÚMA;CUA05;661093.33;6825157.73;1 - 13.8 kV
CRICIÚMA;CUA11;661093.46;6825182.07;1 - 13.8 kV
CRICIÚMA;CUA10;661093.65;6825178.16;1 - 13.8 kV
CRICIÚMA;CUA07;661093.64;6825174.19;1 - 13.8 kV
CRICIÚMA;CUA09;661093.58;6825170.48;1 - 13.8 kV
CRICIÚMA;CUA08;661093.69;6825166.71;1 - 13.8 kV
CRICIÚMA;CUA01;661046.98;6825195.45;1 - 13.8 kV
CHAPECÓ;CCI09;336921.19;7003551.09;2 - 23 kV
RIO DO SUL;TIO08;600413.84;6998092.04;2 - 23 kV
CRICIÚMA;USA02;663373.65;6843209.78;1 - 13.8 kV
CRICIÚMA;SRS04;655115.641;6836186.652;1 - 13.8 kV
CRICIÚMA;SRS05;655112.7203;6836188.795;1 - 13.8 kV
CRICIÚMA;FLA03;652906.78;6820205.21;1 - 13.8 kV
CRICIÚMA;FLA07;652906.62;6820200.34;1 - 13.8 kV
CRICIÚMA;LMR04;657241.63;6857641.02;1 - 13.8 kV
CRICIÚMA;MUA01;674859.29;6828256.86;1 - 13.8 kV
CRICIÚMA;MUA02;674851.11;6828264.86;1 - 13.8 kV
CRICIÚMA;MUA03;674842.79;6828273.43;1 - 13.8 kV
TUBARÃO;TRO01;694400.9201;6849393.877;1 - 13.8 kV
TUBARÃO;TRD04;690141.375;6842244.662;1 - 13.8 kV
TUBARÃO;GPA03;732759.0962;6895446.859;1 - 13.8 kV
TUBARÃO;GPA04;732754.5897;6895447.415;1 - 13.8 kV
TUBARÃO;GPA02;732750.6447;6895447.832;1 - 13.8 kV
TUBARÃO;GPA01;732747.1367;6895448.083;1 - 13.8 kV
TUBARÃO;SGO02;685146.7336;6827498.015;1 - 13.8 kV
TUBARÃO;GVL01;692291.61;6864966.76;1 - 13.8 kV
TUBARÃO;GVL02;692296.82;6864966.73;1 - 13.8 kV
TUBARÃO;GVL03;692302.29;6864966.66;1 - 13.8 kV
TUBARÃO;BNE03;681287.2026;6870465.241;1 - 13.8 kV
BLUMENAU;BND02;689745.35;7036133.25;2 - 23 kV
LAGES;CDI04;545565.52;6978641.74;2 - 23 kV
RIO DO SUL;RSL01;633911.88;6990126.89;2 - 23 kV
RIO DO SUL;RSL03;633915.74;6990128.56;2 - 23 kV
RIO DO SUL;RSL07;633908.15;6990125.22;2 - 23 kV
RIO DO SUL;RSL05;633904.81;6990123.68;2 - 23 kV
RIO DO SUL;RSL06;633901.47;6990122.14;2 - 23 kV
RIO DO SUL;TIO01;600414.16;6998071.37;2 - 23 kV
RIO DO SUL;TIO02;600413.8;6998074.2;2 - 23 kV
RIO DO SUL;TIO03;600413.98;6998080.56;2 - 23 kV
RIO DO SUL;TIO04;600413.76;6998086.04;2 - 23 kV
RIO DO SUL;IAA01;638539.28;6967232.49;2 - 23 kV
RIO DO SUL;IAA03;638540.41;6967228.85;2 - 23 kV
RIO DO SUL;IAA04;638541.67;6967224.74;2 - 23 kV
RIO DO SUL;IAA02;638542.99;6967220.37;2 - 23 kV
RIO DO SUL;IAA05;638545.23;6967212.9;2 - 23 kV
RIO DO SUL;IRA01;647908.35;7006154.85;2 - 23 kV
RIO DO SUL;IRA02;647903.59;7006153.83;2 - 23 kV
RIO DO SUL;IRA03;647898.61;7006152.81;2 - 23 kV
RIO DO SUL;IRA05;647888.3;7006150.55;2 - 23 kV
RIO DO SUL;IRA06;647883.2;7006149.53;2 - 23 kV
RIO DO SUL;TCL01;619948.93;6980040.03;2 - 23 kV
RIO DO SUL;TCL02;619943.02;6980036.32;2 - 23 kV
RIO DO SUL;TCL03;619946.09;6980038.32;2 - 23 kV
RIO DO SUL;TCL04;619939.65;6980034.36;2 - 23 kV
RIO DO SUL;TCL05;619935.97;6980032.11;2 - 23 kV
BLUMENAU;BND01;689746.2;7036143.75;2 - 23 kV
BLUMENAU;BQE05;708669.96;7004713.38;2 - 23 kV
BLUMENAU;BRB03;703747.29;6998964.35;2 - 23 kV
BLUMENAU;BRB02;703745.55;6998967.87;2 - 23 kV
ITAJAÍ;PBO10;739677.85;6993390.65;1 - 13.8 kV
CHAPECÓ;XXE05;361793.96;7027843.4;2 - 23 kV
CHAPECÓ;XXE06;361804.18;7027842.49;2 - 23 kV
CRICIÚMA;CUA12;661093.27;6825153.45;1 - 13.8 kV
CRICIÚMA;CUA14;661093.37;6825197.14;1 - 13.8 kV
CHAPECÓ;XXE04;361778.38;7027844.26;2 - 23 kV
S MIGUEL OESTE;SMD11;251504.54;7040648.05;2 - 23 kV
S MIGUEL OESTE;MCR01;260744.71;7000790.96;2 - 23 kV
TUBARÃO;SGO04;685151.6784;6827492.358;1 - 13.8 kV
JOAÇABA;CDS10;433474;7005378;3 - 34.5 kV
BLUMENAU;BBV07;686836;7021038;2 - 23 kV
RIO DO SUL;RSD01;635874.95;6991443.54;2 - 23 kV
RIO DO SUL;RSD02;635875.01;6991439.62;2 - 23 kV
RIO DO SUL;RSD04;635875.09;6991431.23;2 - 23 kV
RIO DO SUL;RSD05;635875.06;6991427.14;2 - 23 kV
RIO DO SUL;RSD06;635875.09;6991423.19;2 - 23 kV
RIO DO SUL;TIO05;600413.98;6998077.71;2 - 23 kV
RIO DO SUL;TIO06;600413.76;6998083.19;2 - 23 kV
BLUMENAU;BND05;689749.45;7036125.84;2 - 23 kV
BLUMENAU;BND03;689747;7036138.95;2 - 23 kV
FLORIANÓPOLIS;FIS01;756260.11;6962846.4;1 - 13.8 kV
FLORIANÓPOLIS;FIS02;756260.2;6962842.82;1 - 13.8 kV
FLORIANÓPOLIS;FIS03;756259.98;6962838.99;1 - 13.8 kV
FLORIANÓPOLIS;FIS04;756259.88;6962835.07;1 - 13.8 kV
FLORIANÓPOLIS;RCO16;735077.35;6946241.79;1 - 13.8 kV
BLUMENAU;BRB01;703743.84;6998970.47;2 - 23 kV
BLUMENAU;RCS01;661139.5128;7054619.185;4 - 5 kV
BLUMENAU;CRI01;652030.0162;7039582.363;1 - 13.8 kV
BLUMENAU;MDA01;698208.3308;7055262.032;1 - 13.8 kV
BLUMENAU;LAS01;707334.5355;7043302.413;1 - 13.8 kV
BLUMENAU;IAL02;671363.58;7023198.11;2 - 23 kV
BLUMENAU;BSO10;688001.68;7025415.84;2 - 23 kV
BLUMENAU;BQE10;708641.4;7004724.78;2 - 23 kV
BLUMENAU;PRE01;682259.75;7039130.13;2 - 23 kV
BLUMENAU;PRE02;682245.843;7039117.259;2 - 23 kV
BLUMENAU;PRE03;682258.19;7039146.75;2 - 23 kV
BLUMENAU;PRE04;682257.61;7039138.6;2 - 23 kV
BLUMENAU;PRE05;682258.35;7039153.48;2 - 23 kV
ITAJAÍ;PCS05;729717.99;7038531.87;1 - 13.8 kV
ITAJAÍ;CMB03;737720.83;7007591.32;1 - 13.8 kV
ITAJAÍ;CMB04;737716.3;7007591.48;1 - 13.8 kV
ITAJAÍ;IFA03;734304.38;7017288.96;2 - 23 kV
ITAJAÍ;NGS15;730547.78;7026660.16;1 - 13.8 kV
FLORIANÓPOLIS;RCO15;734992.14;6946229.79;1 - 13.8 kV
FLORIANÓPOLIS;TDE11;746803.96;6944400.37;1 - 13.8 kV
CHAPECÓ;SLO07;315110.35;7082612.68;2 - 23 kV
S MIGUEL OESTE;MRA01;285964.5;7038439.45;2 - 23 kV
S MIGUEL OESTE;MRA02;285968.17;7038441.21;2 - 23 kV
S MIGUEL OESTE;MRA03;285971.56;7038442.97;2 - 23 kV
S MIGUEL OESTE;MRA04;285975.09;7038444.6;2 - 23 kV
BLUMENAU;GPR07;704552;7019408;2 - 23 kV
RIO DO SUL;IAA08;638547.6;6967204.33;2 - 23 kV
VIDEIRA;TRA04;474873.0801;6999969.302;2 - 23 kV
JOAÇABA;ADE34;444912.82;7015556.36;3 - 34.5 kV
TUBARÃO;OAS06;668485.65;6860039.57;1 - 13.8 kV
CRICIÚMA;CUA15;661093.4;6825186.2;1 - 13.8 kV
ITAJAÍ;CBU09;734759.4366;7011098.265;1 - 13.8 kV
BLUMENAU;RCP01;665809.3185;7050055.003;2 - 23 kV
FLORIANÓPOLIS;BQB08;731440.7268;6955292.44;1 - 13.8 kV
JOINVILLE;JVQ07;714593.3078;7092464.364;1 - 13.8 kV
FLORIANÓPOLIS;INE12;751657.2598;6960774.501;1 - 13.8 kV
ITAJAÍ;IIA07;724770.2781;7017423.643;2 - 23 kV
JARAGUÁ DO SUL;JSL10;691590.2308;7070304.847;1 - 13.8 kV
TUBARÃO;SGO03;685141.9512;6827504.753;1 - 13.8 kV
FLORIANÓPOLIS;TJS09;725963.8274;6982936.543;2 - 23 kV
BLUMENAU;BSP03;703959.1397;7004013.33;2 - 23 kV
FLORIANÓPOLIS;PPA02;735336.033;6915328.682;1 - 13.8 kV
BLUMENAU;BSP02;703953.0712;7004013.091;2 - 23 kV
MAFRA;CRA04;535591.8017;7095247.317;1 - 13.8 kV
ITAJAÍ;PBO06;739698.313;6993368.356;1 - 13.8 kV
JARAGUÁ DO SUL;JSL09;691609.3398;7070329.55;1 - 13.8 kV
LAGES;CDI03;545555.5203;6978641.73;2 - 23 kV
FLORIANÓPOLIS;BQB04;731425.381;6955279.545;1 - 13.8 kV
FLORIANÓPOLIS;FCA02;737903.7737;6944592.567;1 - 13.8 kV
JOINVILLE;JIU06;718701.9142;7093093.993;1 - 13.8 kV
FLORIANÓPOLIS;FCA03;737911.315;6944592.476;1 - 13.8 kV
FLORIANÓPOLIS;FCA04;737907.7416;6944592.56;1 - 13.8 kV
TUBARÃO;IBA07;728260.7035;6874140.668;3 - 34.5 kV
LAGES;SJM05;605816.3932;6871883.824;2 - 23 kV
ITAJAÍ;CBU10;734764.0975;7011101.286;1 - 13.8 kV
JOINVILLE;JIU07;718711.0867;7093099.637;1 - 13.8 kV
TUBARÃO;IBA11;728233.924;6874084.993;1 - 13.8 kV
ITAJAÍ;PCS09;729714.7179;7038540.058;1 - 13.8 kV
ITAJAÍ;PBO11;739674.4727;6993329.386;2 - 23 kV
ITAJAÍ;CBU07;734752.0996;7011101.073;1 - 13.8 kV
ITAJAÍ;PBO12;739685.4542;6993340.146;3 - 34.5 kV
ITAJAÍ;BBS01;746231.3608;6993646.542;1 - 13.8 kV
ITAJAÍ;BBS02;746233.4886;6993650.48;1 - 13.8 kV
ITAJAÍ;BBS03;746235.3622;6993653.764;1 - 13.8 kV
LAGES;SCO07;551540.4216;6984295.755;2 - 23 kV
MAFRA;STA05;600587.2177;7051901.524;2 - 23 kV
JOINVILLE;JVQ06;714596.8045;7092460.031;1 - 13.8 kV
S MIGUEL OESTE;SJC09;249476.1449;7072416.641;2 - 23 kV
FLORIANÓPOLIS;TJS08;725958.0754;6982935.071;2 - 23 kV
FLORIANÓPOLIS;ISL07;746149.2183;6936818.631;1 - 13.8 kV
MAFRA;CIS10;559536.1177;7102484.78;3 - 34.5 kV
JOINVILLE;GVA05;714385.7676;7114918.438;1 - 13.8 kV
CRICIÚMA;EMO03;633332.4702;6790746.374;1 - 13.8 kV
MAFRA;CRA02;535585.62;7095247.477;1 - 13.8 kV
MAFRA;CRA01;535582.8101;7095247.477;1 - 13.8 kV
MAFRA;CRA03;535588.6706;7095247.477;1 - 13.8 kV
LAGES;LVR11;568521.2596;6927231.353;2 - 23 kV
FLORIANÓPOLIS;SJS05;727895.9773;6940412.58;1 - 13.8 kV
FLORIANÓPOLIS;FCA01;737915.1992;6944592.319;1 - 13.8 kV
ITAJAÍ;CBU21;734791.4041;7011151.993;2 - 23 kV
ITAJAÍ;CBU22;734795.951;7011154.906;2 - 23 kV
JOINVILLE;ACA02;725626.0333;7069236.714;1 - 13.8 kV
BLUMENAU;BSP01;703947.8999;7004012.976;2 - 23 kV
BLUMENAU;BSP05;703970.109;7004013.402;2 - 23 kV
CHAPECÓ;QLO06;329354.0357;7034815.531;2 - 23 kV
CRICIÚMA;AGA09;644638.8966;6796947.154;1 - 13.8 kV
BLUMENAU;GPR01;704560;7019430;2 - 23 kV
BLUMENAU;GPR02;704554;7019430;2 - 23 kV
CONCÓRDIA;FGS05;377037.7818;7028375.332;2 - 23 kV
JARAGUÁ DO SUL;GRM04;696141.2668;7070357.731;3 - 34.5 kV
JOAÇABA;HOE12;450259.8953;6992086.206;2 - 23 kV
CONCÓRDIA;FGS06;377036.842;7028381.29;2 - 23 kV
S MIGUEL OESTE;SMD10;251510.3287;7040621.949;2 - 23 kV
S MIGUEL OESTE;SMD13;251512.8427;7040618.554;2 - 23 kV
S MIGUEL OESTE;SMD14;251515.4824;7040615.411;2 - 23 kV
JOAÇABA;VBA02;421905.2306;7028132.248;3 - 34.5 kV
BLUMENAU;BSO23;688026.2077;7025397.834;2 - 23 kV
JOAÇABA;ADE35;444911.278;7015560.513;3 - 34.5 kV
LAGES;CUP10;535082.686;6962932.265;2 - 23 kV
LAGES;LUC10;551025.6299;6923684.137;2 - 23 kV
BLUMENAU;RCC10;664251.8854;7050869.448;2 - 23 kV
BLUMENAU;GPR08;704536;7019430;2 - 23 kV
BLUMENAU;GPR03;704548;7019430;2 - 23 kV
FLORIANÓPOLIS;PCN01;727884.412;6940491.707;1 - 13.8 kV
FLORIANÓPOLIS;PCN02;727887.8396;6940490.952;1 - 13.8 kV
FLORIANÓPOLIS;PCN04;727891.2217;6940490.372;1 - 13.8 kV
FLORIANÓPOLIS;PCN05;727904.6177;6940480.03;1 - 13.8 kV
FLORIANÓPOLIS;PCN06;727903.6223;6940475.602;1 - 13.8 kV
FLORIANÓPOLIS;PLA13;729324.7547;6937521.969;1 - 13.8 kV
ITAJAÍ;IMP01;735120.7124;6996324.827;1 - 13.8 kV
FLORIANÓPOLIS;PLA14;729325.1014;6937517.465;1 - 13.8 kV
JOAÇABA;CNU01;456700.7238;6951491.054;2 - 23 kV
CHAPECÓ;CSA01;337603.1493;7000575.864;2 - 23 kV
CHAPECÓ;CSA02;337610.5506;7000577.749;2 - 23 kV
CHAPECÓ;CSA03;337617.1836;7000579.584;2 - 23 kV
CHAPECÓ;CSA04;337623.0431;7000581.33;2 - 23 kV
CHAPECÓ;CCI14;336915.2896;7003535.214;2 - 23 kV
ITAJAÍ;CBU11;734785.2034;7011124.228;1 - 13.8 kV
LAGES;LAI06;562842.0548;6924516.419;2 - 23 kV
RIO DO SUL;VRC01;662308.9247;6970383.028;2 - 23 kV
FLORIANÓPOLIS;PCN07;727906.5614;6940488.357;1 - 13.8 kV
FLORIANÓPOLIS;PLA16;729325.6214;6937510.131;1 - 13.8 kV
ITAJAÍ;BVS01;727685.4579;7052598.14;1 - 13.8 kV
ITAJAÍ;BVS02;727669.4022;7052597.154;1 - 13.8 kV
JOINVILLE;JVU13;711068.1108;7090254.241;3 - 34.5 kV
FLORIANÓPOLIS;PLA11;729262.7388;6937503.451;1 - 13.8 kV
VIDEIRA;TRA07;474884.0722;6999988.536;2 - 23 kV
ITAJAÍ;IMP02;735118.2749;6996328.167;1 - 13.8 kV
VIDEIRA;TRA06;474881.208;6999983.928;2 - 23 kV
VIDEIRA;TRA03;474870.2991;6999963.163;2 - 23 kV
FLORIANÓPOLIS;SJR01;732883.7839;6949770.33;1 - 13.8 kV
FLORIANÓPOLIS;SJR02;732887.6218;6949764.729;1 - 13.8 kV
FLORIANÓPOLIS;SJR03;732892.1409;6949759.161;1 - 13.8 kV
FLORIANÓPOLIS;SJR04;732893.5734;6949765.33;1 - 13.8 kV
JOINVILLE;ACA01;725629.3255;7069233.412;1 - 13.8 kV
BLUMENAU;BSP04;703964.3164;7004013.362;2 - 23 kV
JARAGUÁ DO SUL;SUB10;689583.3458;7085670.961;3 - 34.5 kV
LAGES;LAI07;562837.9674;6924517.755;2 - 23 kV
FLORIANÓPOLIS;PLA15;729325.3325;6937513.654;1 - 13.8 kV
CONCÓRDIA;IRM05;386558.2848;7003162.262;2 - 23 kV
FLORIANÓPOLIS;RCO14;734992.3097;6946232.545;1 - 13.8 kV
JARAGUÁ DO SUL;JRL05;685807.5611;7063973.141;1 - 13.8 kV
JARAGUÁ DO SUL;JRL06;685804.2258;7063975.613;1 - 13.8 kV
FLORIANÓPOLIS;ISL09;746136.9075;6936796.69;1 - 13.8 kV
;;;;
 ; ; ; ; 
 ; ; ; ; 
